{
    "countries": {
        "US": [{"state_name":"Alabama"},{"state_name":"Alaska"},{"state_name":"Arizona"},{"state_name":"Arkansas"},{"state_name":"California"},{"state_name":"Colorado"},{"state_name":"Connecticut"},{"state_name":"Delaware"},{"state_name":"District of Columbia"},{"state_name":"Florida"},{"state_name":"Georgia"},{"state_name":"Hawaii"},{"state_name":"Idaho"},{"state_name":"Illinois"},{"state_name":"Indiana"},{"state_name":"Iowa"},{"state_name":"Kansas"},{"state_name":"Kentucky"},{"state_name":"Louisiana"},{"state_name":"Maine"},{"state_name":"Maryland"},{"state_name":"Massachusetts"},{"state_name":"Michigan"},{"state_name":"Minnesota"},{"state_name":"Mississippi"},{"state_name":"Missouri"},{"state_name":"Montana"},{"state_name":"Nebraska"},{"state_name":"Nevada"},{"state_name":"New Hampshire"},{"state_name":"New Jersey"},{"state_name":"New Mexico"},{"state_name":"New York"},{"state_name":"North Carolina"},{"state_name":"North Dakota"},{"state_name":"Ohio"},{"state_name":"Oklahoma"},{"state_name":"Ontario"},{"state_name":"Oregon"},{"state_name":"Pennsylvania"},{"state_name":"Ramey"},{"state_name":"Rhode Island"},{"state_name":"South Carolina"},{"state_name":"South Dakota"},{"state_name":"Sublimity"},{"state_name":"Tennessee"},{"state_name":"Texas"},{"state_name":"Trimble"},{"state_name":"Utah"},{"state_name":"Vermont"},{"state_name":"Virginia"},{"state_name":"Washington"},{"state_name":"West Virginia"},{"state_name":"Wisconsin"},{"state_name":"Wyoming"}],
        "India": [{"state_name":"Andaman and Nicobar Islands"},{"state_name":"Andhra Pradesh"},{"state_name":"Arunachal Pradesh"},{"state_name":"Assam"},{"state_name":"Bihar"},{"state_name":"Chandigarh"},{"state_name":"Chhattisgarh"},{"state_name":"Dadra and Nagar Haveli"},{"state_name":"Daman and Diu"},{"state_name":"Delhi"},{"state_name":"Goa"},{"state_name":"Gujarat"},{"state_name":"Haryana"},{"state_name":"Himachal Pradesh"},{"state_name":"Jammu and Kashmir"},{"state_name":"Jharkhand"},{"state_name":"Karnataka"},{"state_name":"Kerala"},{"state_name":"Ladakh"},{"state_name":"Lakshadweep"},{"state_name":"Madhya Pradesh"},{"state_name":"Maharashtra"},{"state_name":"Manipur"},{"state_name":"Meghalaya"},{"state_name":"Mizoram"},{"state_name":"Nagaland"},{"state_name":"Narora"},{"state_name":"Odisha"},{"state_name":"Pondicherry"},{"state_name":"Punjab"},{"state_name":"Rajasthan"},{"state_name":"Sikkim"},{"state_name":"Tamil Nadu"},{"state_name":"Telangana"},{"state_name":"Tripura"},{"state_name":"Uttar Pradesh"},{"state_name":"Uttarakhand"},{"state_name":"West Bengal"}],
        "Russia": [{"state_name":"Adygeja"},{"state_name":"Aga"},{"state_name":"Alanija"},{"state_name":"Altaj"},{"state_name":"Amur"},{"state_name":"Arhangelsk"},{"state_name":"Astrahan"},{"state_name":"Bashkortostan"},{"state_name":"Belgorod"},{"state_name":"Brjansk"},{"state_name":"Burjatija"},{"state_name":"Chechenija"},{"state_name":"Cheljabinsk"},{"state_name":"Chita"},{"state_name":"Chukotka"},{"state_name":"Chuvashija"},{"state_name":"Dagestan"},{"state_name":"Evenkija"},{"state_name":"Gorno-Altaj"},{"state_name":"Habarovsk"},{"state_name":"Hakasija"},{"state_name":"Hanty-Mansija"},{"state_name":"Ingusetija"},{"state_name":"Irkutsk"},{"state_name":"Ivanovo"},{"state_name":"Jamalo-Nenets"},{"state_name":"Jaroslavl"},{"state_name":"Jevrej"},{"state_name":"Kabardino-Balkarija"},{"state_name":"Kaliningrad"},{"state_name":"Kalmykija"},{"state_name":"Kaluga"},{"state_name":"Kamchatka"},{"state_name":"Karachaj-Cherkessija"},{"state_name":"Karelija"},{"state_name":"Kemerovo"},{"state_name":"Khabarovskiy Kray"},{"state_name":"Kirov"},{"state_name":"Komi"},{"state_name":"Komi-Permjakija"},{"state_name":"Korjakija"},{"state_name":"Kostroma"},{"state_name":"Krasnodar"},{"state_name":"Krasnojarsk"},{"state_name":"Krasnoyarskiy Kray"},{"state_name":"Kurgan"},{"state_name":"Kursk"},{"state_name":"Leningrad"},{"state_name":"Lipeck"},{"state_name":"Magadan"},{"state_name":"Marij El"},{"state_name":"Mordovija"},{"state_name":"Moscow"},{"state_name":"Moskovskaja Oblast"},{"state_name":"Moskovskaya Oblast"},{"state_name":"Moskva"},{"state_name":"Murmansk"},{"state_name":"Nenets"},{"state_name":"Nizhnij Novgorod"},{"state_name":"Novgorod"},{"state_name":"Novokusnezk"},{"state_name":"Novosibirsk"},{"state_name":"Omsk"},{"state_name":"Orenburg"},{"state_name":"Orjol"},{"state_name":"Penza"},{"state_name":"Perm"},{"state_name":"Primorje"},{"state_name":"Pskov"},{"state_name":"Pskovskaya Oblast"},{"state_name":"Rjazan"},{"state_name":"Rostov"},{"state_name":"Saha"},{"state_name":"Sahalin"},{"state_name":"Samara"},{"state_name":"Samarskaya"},{"state_name":"Sankt-Peterburg"},{"state_name":"Saratov"},{"state_name":"Smolensk"},{"state_name":"Stavropol"},{"state_name":"Sverdlovsk"},{"state_name":"Tajmyrija"},{"state_name":"Tambov"},{"state_name":"Tatarstan"},{"state_name":"Tjumen"},{"state_name":"Tomsk"},{"state_name":"Tula"},{"state_name":"Tver"},{"state_name":"Tyva"},{"state_name":"Udmurtija"},{"state_name":"Uljanovsk"},{"state_name":"Ulyanovskaya Oblast"},{"state_name":"Ust-Orda"},{"state_name":"Vladimir"},{"state_name":"Volgograd"},{"state_name":"Vologda"},{"state_name":"Voronezh"}],
        "China": [{"state_name":"Anhui"},{"state_name":"Aomen"},{"state_name":"Beijing"},{"state_name":"Beijing Shi"},{"state_name":"Chongqing"},{"state_name":"Fujian"},{"state_name":"Gansu"},{"state_name":"Guangdong"},{"state_name":"Guangxi"},{"state_name":"Guizhou"},{"state_name":"Hainan"},{"state_name":"Hebei"},{"state_name":"Heilongjiang"},{"state_name":"Henan"},{"state_name":"Hubei"},{"state_name":"Hunan"},{"state_name":"Jiangsu"},{"state_name":"Jiangxi"},{"state_name":"Jilin"},{"state_name":"Liaoning"},{"state_name":"Nei Monggol"},{"state_name":"Ningxia Hui"},{"state_name":"Qinghai"},{"state_name":"Shaanxi"},{"state_name":"Shandong"},{"state_name":"Shanghai"},{"state_name":"Shanxi"},{"state_name":"Sichuan"},{"state_name":"Tianjin"},{"state_name":"Xianggang"},{"state_name":"Xinjiang"},{"state_name":"Xizang"},{"state_name":"Yunnan"},{"state_name":"Zhejiang"}],
        "UK": [{"state_name":"Aberdeen"},{"state_name":"Aberdeenshire"},{"state_name":"Argyll"},{"state_name":"Armagh"},{"state_name":"Bedfordshire"},{"state_name":"Belfast"},{"state_name":"Berkshire"},{"state_name":"Birmingham"},{"state_name":"Brechin"},{"state_name":"Bridgnorth"},{"state_name":"Bristol"},{"state_name":"Buckinghamshire"},{"state_name":"Cambridge"},{"state_name":"Cambridgeshire"},{"state_name":"Channel Islands"},{"state_name":"Cheshire"},{"state_name":"Cleveland"},{"state_name":"Co Fermanagh"},{"state_name":"Conwy"},{"state_name":"Cornwall"},{"state_name":"Coventry"},{"state_name":"Craven Arms"},{"state_name":"Cumbria"},{"state_name":"Denbighshire"},{"state_name":"Derby"},{"state_name":"Derbyshire"},{"state_name":"Devon"},{"state_name":"Dial Code Dungannon"},{"state_name":"Didcot"},{"state_name":"Dorset"},{"state_name":"Dunbartonshire"},{"state_name":"Durham"},{"state_name":"East Dunbartonshire"},{"state_name":"East Lothian"},{"state_name":"East Midlands"},{"state_name":"East Sussex"},{"state_name":"East Yorkshire"},{"state_name":"England"},{"state_name":"Essex"},{"state_name":"Fermanagh"},{"state_name":"Fife"},{"state_name":"Flintshire"},{"state_name":"Fulham"},{"state_name":"Gainsborough"},{"state_name":"Glocestershire"},{"state_name":"Gwent"},{"state_name":"Hampshire"},{"state_name":"Hants"},{"state_name":"Herefordshire"},{"state_name":"Hertfordshire"},{"state_name":"Ireland"},{"state_name":"Isle Of Man"},{"state_name":"Isle of Wight"},{"state_name":"Kenford"},{"state_name":"Kent"},{"state_name":"Kilmarnock"},{"state_name":"Lanarkshire"},{"state_name":"Lancashire"},{"state_name":"Leicestershire"},{"state_name":"Lincolnshire"},{"state_name":"Llanymynech"},{"state_name":"London"},{"state_name":"Ludlow"},{"state_name":"Manchester"},{"state_name":"Mayfair"},{"state_name":"Merseyside"},{"state_name":"Mid Glamorgan"},{"state_name":"Middlesex"},{"state_name":"Mildenhall"},{"state_name":"Monmouthshire"},{"state_name":"Newton Stewart"},{"state_name":"Norfolk"},{"state_name":"North Humberside"},{"state_name":"North Yorkshire"},{"state_name":"Northamptonshire"},{"state_name":"Northants"},{"state_name":"Northern Ireland"},{"state_name":"Northumberland"},{"state_name":"Nottinghamshire"},{"state_name":"Oxford"},{"state_name":"Powys"},{"state_name":"Roos-shire"},{"state_name":"Sark"},{"state_name":"Scotland"},{"state_name":"Scottish Borders"},{"state_name":"Shropshire"},{"state_name":"Somerset"},{"state_name":"South Glamorgan"},{"state_name":"South Wales"},{"state_name":"South Yorkshire"},{"state_name":"Southwell"},{"state_name":"Staffordshire"},{"state_name":"Strabane"},{"state_name":"Suffolk"},{"state_name":"Surrey"},{"state_name":"SUSSEX"},{"state_name":"Sussex"},{"state_name":"Twickenham"},{"state_name":"Tyne and Wear"},{"state_name":"Tyrone"},{"state_name":"Utah"},{"state_name":"Wales"},{"state_name":"Warwickshire"},{"state_name":"West Lothian"},{"state_name":"West Midlands"},{"state_name":"West Sussex"},{"state_name":"West Yorkshire"},{"state_name":"Whissendine"},{"state_name":"Wiltshire"},{"state_name":"Wokingham"},{"state_name":"Worcestershire"},{"state_name":"Wrexham"},{"state_name":"Wurttemberg"},{"state_name":"Yorkshire"}]
    }
}